{
    "id": "60e81889b7ff1f38d4a0e00b",
    "name": "IXXO1",
    "type": "DATABASE",
    "config": {
        "operation_types": [
            "INSERT",
            "UPDATE",
            "DELETE",
            "REPLACE"
        ],
        "database": "IXXO",
        "collection": "IXXO.DEV",
        "service_name": "mongodb-atlas",
        "match": {},
        "project": {},
        "full_document": true,
        "full_document_before_change": true,
        "unordered": false
    },
    "function_name": "function1",
    "disabled": false
}
